model,SIPS,SIPS_trimmed,SIPS_avg_from_as_ac,SIPS_std,AS,AS_trimmed,AS_std,AC,AC_trimmed,AC_std
Mistral-Small-24B-IT,0.35669421080749836,0.32951412643960504,0.32605052799664225,0.17052640175010153,0.1330864197530864,0.06450617283950617,0.263114081657498,0.4414814814814815,0.4203703703703704,0.17542267200848166
Phi-4-IT,0.36634731598495124,0.25934348682430375,0.28356656797979923,0.34494318835528154,0.22839506172839505,0.05,0.5851291841725218,0.3296296296296296,0.3333333333333333,0.05653458341656943
Llama-3.3-70B-IT,0.36388841650440895,0.3361831036494694,0.3183222670364196,0.18380830961176994,0.20938271604938272,0.13703703703703704,0.32685016728602134,0.3985185185185185,0.38333333333333336,0.15136507344672878
GPT-4.1-IT,0.29322601734809084,0.26545449165920776,0.26610457449351954,0.13260856775726262,0.09382716049382715,0.03271604938271605,0.22729464637758137,0.36444444444444446,0.3388888888888889,0.11767290928776647
Mistral-Small-24B-IT-ori,0.510506951307573,0.5051748522830966,0.47686527209530455,0.18761353688786578,0.4165432098765432,0.39290123456790127,0.30119216459296094,0.5303703703703703,0.5148148148148148,0.21474328310939916
Phi-4-IT-ori,0.5338294880905852,0.49398564678259105,0.4724117589448117,0.27585510053772877,0.4802469135802469,0.4006172839506173,0.495806219551995,0.46444444444444444,0.450925925925926,0.1731195262538873
Llama-3.3-70B-IT-ori,0.4568976351117681,0.39891086704630524,0.3910236917515998,0.30381045481662633,0.385679012345679,0.27654320987654324,0.5190506381898924,0.39629629629629626,0.37592592592592594,0.1640117764850706
GPT-4.1-IT-ori,0.44186264809700687,0.42780062412972886,0.4104228472931873,0.19716142258096336,0.25333333333333335,0.22067901234567902,0.25308629930740884,0.5222222222222223,0.4925925925925925,0.2593915006650834
