model,SIPS,AS,AC
Llama-3.1-70B,0.481030682105187,0.4596070794613513,0.6437589111149391
Llama-3.1-8B,0.39615137970824854,0.4471841224241417,0.5262400532952513
Llama-3-70B,0.41203512329797626,0.4764245703738179,0.5690798870863676
Llama-3-8B,0.3652463923029402,0.36351357634313686,0.5770346812695704
