model,SIPS,AS,AC
Qwen-72B,0.5790677742100611,0.5714502779257267,0.6927321967866332
Qwen-32B,0.41341887719664444,0.3669098974662086,0.6289947696495976
Qwen-14B,0.41024118328916703,0.40397622399657585,0.600362108867866
Qwen-7B,0.3626777609240357,0.3639415697780916,0.5767008868867703
Qwen-3B,0.056988059201514514,0.06871538117242655,0.4596975301060571
Qwen-1.5B,0.2988326969376347,0.3805448693466353,0.4876657579406168
Qwen-0.5B,0.2902980089743804,0.3845754516585427,0.5071737079661478
